Router,192.168.88.1
Host_01,192.168.88.2
Host_02,192.168.88.3
Host_03,192.168.88.4
Host_04,192.168.88.5
Host_05,192.168.88.6
Host_06,192.168.88.7
Host_07,192.168.88.8
Host_08,192.168.88.9
Host_09,192.168.88.10
Host_10,192.168.88.11
Host_11,192.168.88.12
Host_12,192.168.88.13
Host_13,192.168.88.14
Host_14,192.168.88.15
Host_15,192.168.88.16
Host_16,192.168.88.17
Host_17,192.168.88.18
Host_18,192.168.88.19
Host_19,192.168.88.20
Host_20,192.168.88.21
Host_21,192.168.88.22
Host_22,192.168.88.23
Host_23,192.168.88.24
Host_24,192.168.88.25
Host_25,192.168.88.26
Host_26,192.168.88.27
Host_27,192.168.88.28
Host_28,192.168.88.29
Host_29,192.168.88.30
Host_30,192.168.88.31
Host_31,192.168.88.32
Host_32,192.168.88.33
Host_33,192.168.88.34
Host_34,192.168.88.35
Host_35,192.168.88.36
Host_36,192.168.88.37
Host_37,192.168.88.38
Host_38,192.168.88.39
Host_39,192.168.88.40
Host_40,192.168.88.41
Host_41,192.168.88.42
Host_42,192.168.88.43
Host_43,192.168.88.44
Host_44,192.168.88.45
Host_45,192.168.88.46
Host_46,192.168.88.47
Host_47,192.168.88.48
Host_48,192.168.88.49
Host_49,192.168.88.50
Host_50,192.168.88.51
Host_51,192.168.88.52
Host_52,192.168.88.53
Host_53,192.168.88.54
Host_54,192.168.88.55
Host_55,192.168.88.56
Host_56,192.168.88.57
Host_57,192.168.88.58
Host_58,192.168.88.59
Host_59,192.168.88.60
Host_60,192.168.88.61
Host_61,192.168.88.62
Host_62,192.168.88.63
Host_63,192.168.88.64
Host_64,192.168.88.65
Host_65,192.168.88.66
Host_66,192.168.88.67
Host_67,192.168.88.68
Host_68,192.168.88.69
Host_69,192.168.88.70
Host_70,192.168.88.71
Host_71,192.168.88.72
Host_72,192.168.88.73
Host_73,192.168.88.74
Host_74,192.168.88.75
Host_75,192.168.88.76
Host_76,192.168.88.77
Host_77,192.168.88.78
Host_78,192.168.88.79
Host_79,192.168.88.80
Host_80,192.168.88.81
Host_81,192.168.88.82
Host_82,192.168.88.83
Host_83,192.168.88.84
Host_84,192.168.88.85
Host_85,192.168.88.86
Host_86,192.168.88.87
Host_87,192.168.88.88
Host_88,192.168.88.89
Host_89,192.168.88.90
Host_90,192.168.88.91
Host_91,192.168.88.92
Host_92,192.168.88.93
Host_93,192.168.88.94
Host_94,192.168.88.95
Host_95,192.168.88.96
Host_96,192.168.88.97
Host_97,192.168.88.98
Host_98,192.168.88.99
Host_99,192.168.88.100
Host_100,192.168.88.101
Host_101,192.168.88.102
Host_102,192.168.88.103
Host_103,192.168.88.104
Host_104,192.168.88.105
Host_105,192.168.88.106
Host_106,192.168.88.107
Host_107,192.168.88.108
Host_108,192.168.88.109
Host_109,192.168.88.110
Host_110,192.168.88.111
Host_111,192.168.88.112
Host_112,192.168.88.113
Host_113,192.168.88.114
Host_114,192.168.88.115
Host_115,192.168.88.116
Host_116,192.168.88.117
Host_117,192.168.88.118
Host_118,192.168.88.119
Host_119,192.168.88.120
Host_120,192.168.88.121
Host_121,192.168.88.122
Host_122,192.168.88.123
Host_123,192.168.88.124
Host_124,192.168.88.125
Host_125,192.168.88.126
Host_126,192.168.88.127
Host_127,192.168.88.128
Host_128,192.168.88.129
Host_129,192.168.88.130
Host_130,192.168.88.131
Host_131,192.168.88.132
Host_132,192.168.88.133
Host_133,192.168.88.134
Host_134,192.168.88.135
Host_135,192.168.88.136
Host_136,192.168.88.137
Host_137,192.168.88.138
Host_138,192.168.88.139
Host_139,192.168.88.140
Host_140,192.168.88.141
Host_141,192.168.88.142
Host_142,192.168.88.143
Host_143,192.168.88.144
Host_144,192.168.88.145
Host_145,192.168.88.146
Host_146,192.168.88.147
Host_147,192.168.88.148
Host_148,192.168.88.149
Host_149,192.168.88.150
Host_150,192.168.88.151
Host_151,192.168.88.152
Host_152,192.168.88.153
Host_153,192.168.88.154
Host_154,192.168.88.155
Host_155,192.168.88.156
Host_156,192.168.88.157
Host_157,192.168.88.158
Host_158,192.168.88.159
Host_159,192.168.88.160
Host_160,192.168.88.161
Host_161,192.168.88.162
Host_162,192.168.88.163
Host_163,192.168.88.164
Host_164,192.168.88.165
Host_165,192.168.88.166
Host_166,192.168.88.167
Host_167,192.168.88.168
Host_168,192.168.88.169
Host_169,192.168.88.170
Host_170,192.168.88.171
Host_171,192.168.88.172
Host_172,192.168.88.173
Host_173,192.168.88.174
Host_174,192.168.88.175
Host_175,192.168.88.176
Host_176,192.168.88.177
Host_177,192.168.88.178
Host_178,192.168.88.179
Host_179,192.168.88.180
Host_180,192.168.88.181
Host_181,192.168.88.182
Host_182,192.168.88.183
Host_183,192.168.88.184
Host_184,192.168.88.185
Host_185,192.168.88.186
Host_186,192.168.88.187
Host_187,192.168.88.188
Host_188,192.168.88.189
Host_189,192.168.88.190
Host_190,192.168.88.191
Host_191,192.168.88.192
Host_192,192.168.88.193
Host_193,192.168.88.194
Host_194,192.168.88.195
Host_195,192.168.88.196
Host_196,192.168.88.197
Host_197,192.168.88.198
Host_198,192.168.88.199
Host_199,192.168.88.200
Host_200,192.168.88.201
Host_201,192.168.88.202
Host_202,192.168.88.203
Host_203,192.168.88.204
Host_204,192.168.88.205
Host_205,192.168.88.206
Host_206,192.168.88.207
Host_207,192.168.88.208
Host_208,192.168.88.209
Host_209,192.168.88.210
Host_210,192.168.88.211
Host_211,192.168.88.212
Host_212,192.168.88.213
Host_213,192.168.88.214
Host_214,192.168.88.215
Host_215,192.168.88.216
Host_216,192.168.88.217
Host_217,192.168.88.218
Host_218,192.168.88.219
Host_219,192.168.88.220
Host_220,192.168.88.221
Host_221,192.168.88.222
Host_222,192.168.88.223
Host_223,192.168.88.224
Host_224,192.168.88.225
Host_225,192.168.88.226
Host_226,192.168.88.227
Host_227,192.168.88.228
Host_228,192.168.88.229
Host_229,192.168.88.230
Host_230,192.168.88.231
Host_231,192.168.88.232
Host_232,192.168.88.233
Host_233,192.168.88.234
Host_234,192.168.88.235
Host_235,192.168.88.236
Host_236,192.168.88.237
Host_237,192.168.88.238
Host_238,192.168.88.239
Host_239,192.168.88.240
Host_240,192.168.88.241
Host_241,192.168.88.242
Host_242,192.168.88.243
Host_243,192.168.88.244
Host_244,192.168.88.245
Host_245,192.168.88.246
Host_246,192.168.88.247
Host_247,192.168.88.248
Host_248,192.168.88.249
Host_249,192.168.88.250
Host_250,192.168.88.251
